Workbook

Sheet 7р хавсралт_322.58тэрбум
A1: НӨХӨХ ОЛГОВРЫН МЭДЭЭ
K2: 26.07.27
A3: № | B3: Саналын хуудасны дугаар | C3: НЗД-ын захирамжийн огноо дугаар | D3: Нэгж талбарын тоо | E3: Талбайн хэмжээ /м2/ | F3: Хөрөнгийн эх үүсвэр 2026 оны "Газар чөлөөлөх нөхөх олговор" 322.582 тэрбум | G3: ОУ-ын СБХБ-ны Улаанбаатар хотын тогтвортой авто зам тээвэр төсөл 19,001,526,923.5 төгрөг | H3: Байршил | I3: Ажлын төрөл | J3: Хугацаа | K3: Төсөв
A4: Гарсан захирамж
A5: 1 | B5: Ү-01 | C5: 2026.01.05 А/04 | F5: 2000000000 | H5: Эрх шилжүүлэх тухай, хөрөнгийн үнэлгээ | I5: Хөрөнгийн үнэлгээ | J5: 2026 | K5: Нийслэл
A6: 2 | B6: C | C6: 2026.01.08 А/16 | D6: 1 | E6: 546 | F6: 2450517000 | H6: Сүхбаатар дүүрэг, Чингэлтэй дүүрэг Сэлбэ дэд төв | I6: Дэд төв | J6: 2026 | K6: Нийслэл
A7: 3 | B7: II-97 | C7: 2026.01.09 А/34 | D7: 1 | E7: 55.3 | F7: 35580000 | H7: Баянзүрх дүүргийн 8-р хороо, Хилчдийн гудамжнаас 92-р сургуулийн хойд талаар Эрдэнэтолгой 52-р гудамж хүртэлх авто замын ажил | I7: Авто зам | J7: 2026 | K7: Нийслэл
A8: 4 | B8: II-87 | C8: 2026.01.29 А/119 | D8: 2 | E8: - | F8: 105977000 | H8: Баянгол, Баянзүрх, Хан-Уул, Сонгинохайрхан дүүргийн нутаг дэвсгэр Туул-1 коллектор ариутгах татуургын шугам сүлжээ ажил | I8: Инженерийн байгууламж | J8: 2026 | K8: Нийслэл
A9: 5 | B9: II-90 | C9: 2026.01.30 А/145 | D9: 1 | E9: 2396 | F9: 1932176291 | H9: Баянгол дүүргийн 20 дугаар хорооны нутаг дэвсгэрт баригдах “ТЭЦ-5 дулааны цахилгаан станцын барих ажил” | I9: Авто зам | J9: 2026 | K9: Нийслэл
A10: 6 | B10: II-98 | C10: 2026.02.02 А/162 | D10: 1 | F10: 603631 | H10: Чингэлтэй дүүрэг, 17-р хороо, Гэр хорооллын нийтийн тээврийн үйлчилгээг сайжруулах төсөл | I10: Авто зам | J10: 2026 | K10: Нийслэл
A11: 7 | B11: lll-1 | C11: A/135 2026.01.30 | D11: 4 | E11: 2797 | F11: 316805000 | H11: Хан-Уул дүүргийн 12 дугаар хорооны нутаг дэвсгэрт “Хог шатааж, эрчим хүч гаргах үйлдвэр” байгуулах ажил | I11: Хог хаягдал | J11: 2026 | K11: Нийслэл
A12: 8 | B12: lll-2 | C12: A/136 2026.01.30 | D12: 1 | E12: 293 | F12: 243453000 | H12: Хан-Уул дүүргийн 6 дугаар хорооны нутаг дэвсгэрт “Гал түймэр унтраах аврах анги шинээр барих” ажил | I12: Гамшгаас хамгаалах | J12: 2026 | K12: Нийслэл
A13: 9 | B13: С-01 | C13: 2026.02.03 A/175 | D13: 5 | E13: 2277 | F13: 621631500 | H13: Сүхбаатар дүүрэг, Чингэлтэй дүүрэг Сэлбэ дэд төв | I13: Дэд төв | J13: 2026 | K13: Нийслэл
A14: 10 | B14: II-1 | C14: 2026.02.12 А/221 | D14: 3 | E14: 1236 | F14: 843422000 | H14: Баянгол дүүрэг 9-р хороо Ерөнхий боловсролын 146-р сургууль орчимд хийгдэх явган зам, авто зам | I14: Авто зам | J14: 2026 | K14: Нийслэл
A15: 11 | B15: II-2 | C15: 2026.02.12 А/219 | D15: 2 | F15: 91935600 | H15: Баянгол, Баянзүрх, Сонгинохайрхан, Хан-Уул дүүргийн нутаг дэвсгэр Туулын хурдны зам барих ажил | I15: Авто зам | J15: 2026 | K15: Нийслэл
A16: 12 | B16: II-3 | C16: 2026.02.12 А/220 | D16: 1 | E16: 449 | F16: 147060000 | H16: Сүхбаатар дүүрэг 11, 12, 13 дугаар хороо Сэлбэ голын баруун эрэг дагуух 2.5 км авто зам | I16: Авто зам | J16: 2026 | K16: Нийслэл
A17: 13 | B17: lll-3 | C17: A/187 2026.02.05 | D17: 14 | E17: 6120 | F17: 3562269000 | H17: Сонгинохайрхан дүүргийн 23 дугаар хорооны нутаг дэвсгэрт баригдах “960 хүүхдийн суудал бүхий сургууль барих” ажил | I17: Сургууль | J17: 2026 | K17: Нийслэл
A18: 14 | B18: lll-4 | C18: A/223 2026.02.12 | D18: 7 | E18: 3347 | F18: 1804136000 | H18: Сонгинохайрхан дүүргийн 23 дугаар хорооны нутаг дэвсгэрт баригдах “960 хүүхдийн суудал бүхий сургууль барих” ажил | I18: Сургууль | J18: 2026 | K18: Нийслэл
A19: 15 | B19: II-5 | C19: 2026.02.16 А/252 | D19: 1 | E19: 3481 | F19: 1966733000 | H19: Баянгол дүүргийн 20 дугаар хорооны нутаг дэвсгэрт баригдах “ТЭЦ-5 дулааны цахилгаан станц барих ажил” | I19: Инженерийн байгууламж | J19: 2026 | K19: Нийслэл
A20: 16 | B20: 1 | C20: 2026.02.14 А/263 | D20: 12 | E20: 5459.09 | F20: 2530238000 | H20: Сонгинохайрхан дүүргийн 4 дүгээр хороо, Их Наран орчмын гэр хорооллын газрыг дахин төлөвлөх ажил | I20: Гэр хорооллын дахин төлөвлөлт | J20: 2026 | K20: Нийслэл
A21: 17 | B21: 2 | C21: 2026.02.14 А/264 | D21: 1 | E21: 349 | F21: 527795000 | H21: Ногоон нуур орчим Баянбүрд хэсэгчилсэн ерөнхий төлөвлөгөө | I21: Гэр хорооллын дахин төлөвлөлт | J21: 2026 | K21: ТХХТ, ХААН банк
A22: 18 | B22: С-02 | C22: 2026.02.28 А/284 | D22: 3 | E22: 2100 | F22: 74368200 | H22: Сүхбаатар дүүрэг, Чингэлтэй дүүрэг Сэлбэ дэд төв | I22: Дэд төв | J22: 2026 | K22: Нийслэл
A23: 19 | B23: 3 | C23: 2026.03.03 А/295 | D23: 5 | E23: 1849.14 | F23: 3958424800 | H23: Сүхбаатар дүүргийн 9 дүгээр хороо Баянбүрд орчмын хэсэгчилсэн ерөнхий төлөвлөгөөний хэрэгжилт Он дамжих санхүүжилт | I23: Гэр хорооллын дахин төлөвлөлт | J23: 2026 | K23: ТХХТ, ХААН банк
A24: 20 | B24: 4 | C24: 2026.03.03 А/294 | D24: 3 | E24: 1399 | F24: 415058600 | H24: Сүхбаатар дүүрэг 9 дүгээр хороо Спорт цогцолбор (Улаанбаатар Арена) Он дамжих санхүүжилт | I24: Гэр хорооллын дахин төлөвлөлт | J24: 2026 | K24: ТХХТ, Шунхлай
A25: 21 | B25: lll-5 | C25: A/265 2026.02.25 | D25: 5 | E25: 1735 | F25: 952790000 | H25: Сонгинохайрхан дүүргийн 23 дугаар хорооны нутаг дэвсгэрт баригдах “960 хүүхдийн суудал бүхий сургууль барих” ажил | I25: Сургууль | J25: 2026 | K25: Нийслэл
A26: 22 | B26: lll-6 | C26: A/293 2026.03.02 | D26: 3 | E26: 2097 | F26: 45180000 | H26: Хан-Уул дүүргийн 12 дугаар хорооны нутаг дэвсгэрт “Хог шатааж, эрчим хүч гаргах үйлдвэр” байгуулах ажил | I26: Хог хаягдал | J26: 2026 | K26: Нийслэл
A27: 23 | B27: II-8 | C27: 2026.03.09 А/321 | D27: 3 | E27: - | F27: 496177400 | H27: Баянгол, Баянзүрх, Хан-Уул, Сонгинохайрхан дүүргийн нутаг дэвсгэр Туул-1 коллектор ариутгах татуургын шугам сүлжээ ажил | I27: Инженерийн байгууламж | J27: 2026 | K27: Нийслэл
A28: 24 | B28: lll-7 | C28: A/350 2026.03.11 | D28: 3 | E28: 2100 | F28: 2694947000 | H28: Баянгол дүүргийн 16 дугаар хорооны нутаг дэвсгэрт баригдах “640 хүүхдийн суудалтай сургуулийн барилга”-ын ажил | I28: Сургууль | J28: 2026 | K28: Нийслэл
A29: 25 | B29: lll-8 | C29: A/362 2026.03.13 | D29: 9 | E29: 6095 | F29: 553660000 | H29: Хан-Уул дүүргийн 12 дугаар хорооны нутаг дэвсгэрт “Хог шатааж, эрчим хүч гаргах үйлдвэр” байгуулах ажил | I29: Хог хаягдал | J29: 2026 | K29: Нийслэл
A30: 26 | B30: lll-9 | C30: A/361 2026.03.13 | D30: 3 | E30: 1473.94 | F30: 430737000 | H30: Сонгинохайрхан дүүргийн 4 дүгээр хорооны нутаг дэвсгэрт баригдах “Сургуулийн өргөтгөлийн барилга байгууламж баригдах” ажил | I30: Сургууль | J30: 2026 | K30: Нийслэл
A31: 27 | B31: lll-10 | C31: A/395 2026.03.23 | D31: 1 | E31: 430 | F31: 1337911494 | H31: Хан-Уул дүүргийн 6 дугаар хорооны нутаг дэвсгэрт “Гал түймэр унтраах аврах анги шинээр барих” ажил | I31: Гамшгаас хамгаалах | J31: 2026 | K31: Нийслэл
A32: 28 | B32: lll-11 | C32: A/394 2026.03.23 | D32: 10 | E32: 4373 | F32: 2213013000 | H32: Хан-Уул дүүргийн 9 дүгээр хорооны нутаг дэвсгэрт баригдах “960 хүүхдийн суудалтай сургуулийн барилга”-ын ажил | I32: Сургууль | J32: 2026 | K32: Нийслэл
A33: 29 | B33: lll-12 | C33: A/393 2026.03.23 | D33: 1 | E33: 500 | F33: 49035000 | H33: Хан-Уул дүүргийн 12 дугаар хорооны нутаг дэвсгэрт “Хог шатааж, эрчим хүч гаргах үйлдвэр” байгуулах ажил | I33: Хог хаягдал | J33: 2026 | K33: Нийслэл
A34: 30 | B34: II-4 | C34: 2026.02.16 А/253 | D34: 1 | E34: 598 | F34: 242858000 | H34: Сонгинохайрхан дүүргийн 23 дугаар хорооны нутаг дэвсгэр Гэр хорооллын дахин төлөвлөлтийн Оргил төслийн инженерийн шугам сүлжээний ажил | I34: Инженерийн байгууламж | J34: 2026 | K34: Нийслэл
A35: 31 | B35: II-6 | C35: 2026.03.18 А/368 | D35: 4 | E35: 976.12 | G35: 319384000 | H35: Баянзүрх дүүргийн 10, 12, 37 дугаар хорооны нутаг дэвсгэрт Нарны замын зүүн өргөтгөл 4 км шинээр баригдах авто замын ажил | I35: Авто зам | J35: 2026 | K35: Олон улс
A36: 32 | B36: II-7 | C36: 2026.03.16 А/366 | D36: 1 | E36: 151 | F36: 36349000 | H36: Сонгинохайрхан дүүргийн 6, 23, 30, 31, 37, 43 дугаар хороо, Баянгол дүүргийн 21 дүгээр хорооны нутаг дэвсгэрт баригдаж буй “Толгойтын авто замыг Ард Аюушийн өргөн чөлөөтэй холбох авто замын гүүрэн байгууламж, олон түвшний огтлолцол” | I36: Авто зам | J36: 2026 | K36: Нийслэл
A37: 33 | B37: II-10 | C37: 2026.03.26 А/422 | D37: 1 | E37: 1080 | F37: 1019414000 | H37: Баянгол дүүргийн 20 дугаар хорооны нутаг дэвсгэрт баригдах “ТЭЦ-5 дулааны цахилгаан станц барих ажил” | I37: Инженерийн байгууламж | J37: 2026 | K37: Нийслэл
A38: 34 | B38: II-12 | C38: 2026.03.26 А/425 | D38: 1 | E38: 47 | F38: 20606000 | H38: Баянгол дүүргийн 11, 22, 23, 34 дүгээр хороо, Энхбаярын зам орчимд хийгдэх явган зам, авто замын ажил | I38: Авто зам | J38: 2026 | K38: Нийслэл
A39: 35 | B39: II-13 | C39: 2026.03.26 А/421 | D39: 3 | E39: 5212 | F39: 1869550000 | H39: Баянгол дүүргийн 20 дугаар хорооны нутаг дэвсгэрт баригдах “ТЭЦ-5 дулааны цахилгаан станц барих ажил” | I39: Инженерийн байгууламж | J39: 2026 | K39: Нийслэл
A40: 36 | B40: II-15 | C40: 2026.03.26 А/424 | D40: 1 | E40: 597 | F40: 310285000 | H40: Сонгинохайрхан дүүргийн 23 дугаар хорооны нутаг дэвсгэр Гэр хорооллын дахин төлөвлөлтийн Оргил төслийн инженерийн шугам сүлжээний ажил | I40: Инженерийн байгууламж | J40: 2026 | K40: Нийслэл
A41: 37 | B41: II-17 | C41: 2026-03-27 А/432 | D41: 1 | E41: 4437 | F41: 2825432600 | H41: Баянгол дүүргийн 20 дугаар хорооны нутаг дэвсгэрт “Геологийн төв лаборатори орчимд хийгдэх нүхэн гарц, авто замын ажил” | I41: Авто зам | J41: 2026 | K41: Нийслэл
A42: 38 | B42: 7 | C42: 2026-04-01 А/459 | D42: 1 | E42: 100000 | F42: 3500000000 | H42: Хүннү хотын дахин төлөвлөлтийн хүрээнд баригдах транзит зочид буудлын барилга угсралтын ажил | I42: Хүннү хот | J42: 2026 | K42: ТХХТ
A43: 39 | B43: II-9 | C43: 2026.04.02 А/474 | D43: 1 | E43: 160 | F43: 14427000 | H43: Сонгинохайрхан дүүргийн 1-р хороо Шинээр баригдах авто зам | I43: Авто зам | J43: 2026 | K43: Нийслэл
A44: 40 | B44: lll-13 | C44: A/468 2026.04.01 | D44: 7 | E44: 3277 | F44: 1637919000 | H44: Хан-Уул дүүргийн 9 дүгээр хорооны нутаг дэвсгэрт баригдах “960 хүүхдийн суудалтай сургуулийн барилга”-ын ажил | I44: Сургууль | J44: 2026 | K44: Нийслэл
A45: 41 | B45: lll-14 | C45: A/497 2026.04.06 | D45: 2 | E45: 789 | F45: 658768000 | H45: Сонгинохайрхан дүүрэг 3 дугаар хороо Гэр хорооллын дахин төлөвлөлт | I45: Бусад | J45: 2026 | K45: Нийслэл
A46: 42 | B46: 6 | C46: 2026.04.08 A/517 | D46: 1 | E46: 474.45 | F46: 386972146 | H46: Сүхбаатар дүүрэг 9 дүгээр хороо, Ногоон нуур орчим Баянбүрд хэсэгчилсэн ерөнхий төлөвлөгөө | I46: Гэр хорооллын дахин төлөвлөлт | J46: 2026 | K46: ТХХТ, ХААН банк
A47: 43 | B47: 8 | C47: 2026.04.14 A/566 | D47: 1 | E47: 406 | F47: 157911000 | H47: Сонгинохайрхан дүүргийн 5 дугаар хорооны нутаг дэвсгэрт баригдах Гэр хорооллын дахин төлөвлөлт | I47: Гэр хорооллын дахин төлөвлөлт | J47: 2026 | K47: ТХХТ, НОСК “Материалимпэкс” ХХК
A48: 44 | B48: 11 | C48: 2026.04.20 А/580 | D48: 1 | E48: 394 | F48: 76254873 | H48: Сонгинохайрхан дүүргийн 4 дүгээр хороо, Их Наран орчмын гэр хорооллын газрыг дахин төлөвлөх ажил Гэрээний гүйцэтгэлээр санхүүжих | I48: Гэр хорооллын дахин төлөвлөлт | J48: 2026 | K48: Нийслэл, СХД
A49: 45 | B49: Ү-02 | C49: 2026.04.20 А/581 | F49: 11712000 | H49: Хөрөнгийн үнэлгээний компаниудын он дамжих санхүүжилт | I49: Үнэлгээ | J49: 2026 | K49: Нийслэл
A50: 46 | B50: II-16 | C50: 2026.04.08 А/522 | D50: 5 | E50: 735.8 | F50: 197996500 | H50: Баянгол, Баянзүрх, Хан-Уул, Сонгинохайрхан дүүргийн нутаг дэвсгэр Туул-1 коллектор ариутгах татуургын шугам сүлжээ ажил | I50: Инженерийн байгууламж | J50: 2026 | K50: Нийслэл
A51: 47 | B51: II-11 | C51: 2026.04.08 А/521 | D51: 1 | F51: 52405000 | H51: Баянгол, Баянзүрх, Хан-Уул, Сонгинохайрхан дүүргийн нутаг дэвсгэр Туул-1 коллектор ариутгах татуургын шугам сүлжээ ажил | I51: Инженерийн байгууламж | J51: 2026 | K51: Нийслэл
A52: 48 | B52: II-14 | C52: 2026.04.14 А/565 | D52: 23 | E52: 8851.27 | F52: 1372800410 | H52: Сонгинохайрхан дүүргийн 23 дугаар хорооны нутаг дэвсгэр Гэр хорооллын дахин төлөвлөлтийн Оргил төслийн инженерийн шугам сүлжээний ажил | I52: Инженерийн байгууламж | J52: 2026 | K52: Нийслэл
A53: 49 | B53: II-18 | C53: 2026.04.08 А/520 | D53: 4 | E53: 30670 | F53: 3054909000 | H53: Баянгол, Баянзүрх, Сонгинохайрхан, Хан-Уул дүүргийн нутаг дэвсгэр Туулын хурдны зам барих ажил | I53: Авто зам | J53: 2026 | K53: Нийслэл
A54: 50 | B54: II-19 | C54: 2026.04.08 А/518 | D54: 1 | E54: 10715 | F54: 960064000 | H54: Баянгол, Баянзүрх, Сонгинохайрхан, Хан-Уул дүүргийн нутаг дэвсгэр Туулын хурдны зам барих ажил | I54: Авто зам | J54: 2026 | K54: Нийслэл
A55: 51 | B55: II-20 | C55: 2026.04.08 А/519 | D55: 1 | E55: 471 | F55: 629208000 | H55: Баянгол дүүргийн 20 дугаар хорооны нутаг дэвсгэрт “Геологийн төв лаборатори орчимд хийгдэх нүхэн гарц, авто замын ажил” | I55: Авто зам | J55: 2026 | K55: Нийслэл
A56: 52 | B56: lll-15 | C56: A/547 2026.04.10 | D56: 12 | E56: 5510 | F56: 1539438000 | H56: Сонгинохайрхан дүүргийн 35 дугаар хорооны нутаг дэвсгэрт баригдах “960 хүүхдийн суудал бүхий сургууль барих” ажил | I56: Сургууль | J56: 2026 | K56: Нийслэл
A57: 53 | B57: lll-16 | C57: A/546 2026.04.10 | D57: 4 | E57: 2123 | F57: 965061000 | H57: Сонгинохайрхан дүүргийн 22 дугаар хорооны нутаг дэвсгэрт баригдах “960 хүүхдийн суудал бүхий сургууль барих” ажил | I57: Сургууль | J57: 2026 | K57: Нийслэл
A58: 54 | B58: 10 | C58: 2026.04.22 A/599 | D58: 1 | E58: 509 | F58: 383050000 | H58: Сонгинохайрхан дүүргийн 5 дугаар хорооны нутаг дэвсгэрт баригдах “Хэсэгчилсэн ерөнхий төлөвлөгөөний дагуу гэр хорооллыг орон сууцжуулах” ажил | I58: Гэр хорооллын дахин төлөвлөлт | J58: 2026 | K58: ТХХТ, НОСК, “Материалимпэкс” ХХК
A59: 55 | B59: 12 | C59: 2026.04.23 А/608 | D59: 5 | E59: 1881 | F59: 2079211000 | H59: Сүхбаатар дүүрэг 9 дүгээр хороо, Ногоон нуур орчим Баянбүрд хэсэгчилсэн ерөнхий төлөвлөгөө | I59: Гэр хорооллын дахин төлөвлөлт | J59: 2026 | K59: ТХХТ, ХААН банк
A60: 56 | B60: lll-19 | C60: A/595 2026.04.22 | D60: 2 | E60: 209 | F60: 346201000 | H60: Баянгол дүүргийн 16 дугаар хорооны нутаг дэвсгэрт баригдах “640 хүүхдийн суудалтай сургуулийн барилга”-ын ажил | I60: Сургууль | J60: 2026 | K60: Нийслэл
A61: 57 | B61: lll-18 | C61: A/596 2026.04.22 | D61: 5 | E61: 1780 | F61: 987884000 | H61: Хан-Уул дүүргийн 9 дүгээр хорооны нутаг дэвсгэрт баригдах “960 хүүхдийн суудалтай сургуулийн барилга”-ын ажил | I61: Сургууль | J61: 2026 | K61: Нийслэл
A62: 58 | B62: II-21 | C62: 2026.04.23 А/605 | D62: 5 | E62: 2679 | G62: 1732120000 | H62: Баянзүрх дүүргийн 10, 12, 37 дугаар хорооны нутаг дэвсгэрт Нарны замын зүүн өргөтгөл 4 км шинээр баригдах авто замын ажил | I62: Авто зам | J62: 2026 | K62: Олон улс
A63: 59 | B63: II-22 | C63: 2026.04.23 А/607 | D63: 1 | E63: 60 | F63: 733036000 | H63: Баянгол, Баянзүрх, Хан-Уул, Сонгинохайрхан дүүргийн нутаг дэвсгэр Туул-1 коллектор ариутгах татуургын шугам сүлжээ ажил | I63: Инженерийн байгууламж | J63: 2026 | K63: Нийслэл
A64: 60 | B64: II-24 | C64: 2026.04.23 А/606 | D64: 5 | E64: 109535 | F64: 626694000 | H64: Сэлбэ сэргэлт төслийн хүрээнд Сэлбэ, Дунд голын үерийн хамгаалалтын барилга байгууламж | I64: Инженерийн байгууламж | J64: 2026 | K64: Нийслэл
A65: 61 | B65: lll-17 | C65: A/609 2026.04.24 | D65: 8 | E65: 5154 | F65: 1754136000 | H65: Сонгинохайрхан дүүргийн 43 дугаар хорооны нутаг дэвсгэрт баригдах “960 хүүхдийн суудал бүхий сургууль барих” ажил | I65: Сургууль | J65: 2026 | K65: Нийслэл
A66: 62 | B66: lll-20 | C66: A/610 2026.04.24 | D66: 5 | E66: 2460 | F66: 1281625000 | H66: Сонгинохайрхан дүүргийн 22 дугаар хорооны нутаг дэвсгэрт баригдах “960 хүүхдийн суудал бүхий сургууль барих” ажил | I66: Сургууль | J66: 2026 | K66: Нийслэл
A67: 63 | B67: lll-26 | C67: A/633 2026.05.04 | D67: 2 | E67: 369 | F67: 232100000 | H67: Хан-Уул дүүргийн 6 дугаар хорооны нутаг дэвсгэрт “Гал түймэр унтраах аврах анги шинээр барих” ажил | I67: Гамшгаас хамгаалах | J67: 2026 | K67: Нийслэл
A68: 64 | B68: lll-25 | C68: A/634 2026.05.04 | D68: 1 | E68: 579 | F68: 286231000 | H68: Сонгинохайрхан дүүргийн 23 дугаар хорооны нутаг дэвсгэрт баригдах “960 хүүхдийн суудал бүхий сургууль барих” ажил | I68: Сургууль | J68: 2026 | K68: Нийслэл
A69: 65 | B69: lll-23 | C69: A/635 2026.05.04 | D69: 4 | E69: 2032 | F69: 861209000 | H69: Сонгинохайрхан дүүргийн 22 дугаар хорооны нутаг дэвсгэрт баригдах “960 хүүхдийн суудал бүхий сургууль барих” ажил | I69: Сургууль | J69: 2026 | K69: Нийслэл
A70: 66 | B70: lll-27 | C70: A/640 2026.05.04 | D70: 15 | E70: 7988 | F70: 3586214000 | H70: Баянзүрх дүүргийн 19 дүгээр хорооны нутаг дэвсгэрт баригдах “960 хүүхдийн суудал бүхий сургууль барих” ажил | I70: Сургууль | J70: 2026 | K70: Нийслэл
A71: 67 | B71: lll-21 | C71: A/652 2026.05.06 | D71: 7 | E71: 1873.16 | F71: 3466414000 | H71: Баянгол дүүргийн 16 дүгээр хорооны нутаг дэвсгэрт баригдах “Гандангийн жишиг гудамжны тохижилт бүтээн байгуулалт”-ын ажил | I71: тохижилт ногоон байгууламж | J71: 2026 | K71: Нийслэл
A72: 68 | B72: lll-24 | C72: A/654 2026.05.06 | D72: 3 | E72: 1263 | F72: 705691000 | H72: Сонгинохайрхан дүүргийн 43 дугаар хорооны нутаг дэвсгэрт баригдах “640 хүүхдийн суудал бүхий сургууль барих” ажил | I72: Сургууль | J72: 2026 | K72: Нийслэл
A73: 69 | B73: lll-28 | C73: A/653 2026.05.06 | D73: 5 | E73: 3035 | F73: 679921000 | H73: Сонгинохайрхан дүүргийн 35 дугаар хорооны нутаг дэвсгэрт баригдах “960 хүүхдийн суудал бүхий сургууль барих” ажил | I73: Сургууль | J73: 2026 | K73: Нийслэл
A74: 70 | B74: lll-29 | C74: A/657 2026.05.06 | D74: 3 | E74: 754 | F74: 1638830000 | H74: Баянгол дүүргийн 16 дүгээр хорооны нутаг дэвсгэрт баригдах “Гандангийн жишиг гудамжны тохижилт бүтээн байгуулалт”-ын ажил | I74: тохижилт ногоон байгууламж | J74: 2026 | K74: Нийслэл
... A78: 74 | B78: C-03 | C78: 2026.05.14 A/702 | D78: 9 | E78: 3803 | F78: 4183447000 | H78: Сүхбаатар дүүрэг, Чингэлтэй дүүрэг Сэлбэ дэд төв | I78: Дэд төв | J78: 2026 | K78: Нийслэл
A79: 75 | B79: 13 | C79: 2026.05.14 A-703 | D79: 10 | E79: 3837 | F79: 2337253000 | H79: Чингэлтэй дүүргийн 18 дугаар хороо Дэд станцын барилга, байгууламж, Яргайтын 16 дугаар гудамж | I79: Гэр хорооллын дахин төлөвлөлт | J79: 2026 | K79: Нийслэл, СХМХК ХХК
A80: 76 | B80: II-27 | C80: 2026.05.14 А/700 | D80: 1 | E80: 474 | F80: 6446000 | H80: Сүхбаатар дүүргийн 15, 16, 18, 20 дугаар хороо, Бэлх голын үерийн хамгаалалтын байгууламж | I80: Инженерийн байгууламж | J80: 2026 | K80: Нийслэл
A81: 77 | B81: II-29 | C81: 2026.05.14 А/701 | D81: 1 | E81: 384 | F81: 541163000 | H81: Баянгол дүүргийн 16 дугаар хороо, мэдээлэл холбоо, цахилгааны дэд төв барих төсөл | I81: Инженерийн байгууламж | J81: 2026 | K81: Нийслэл
A82: 78 | B82: II-31 | C82: 2026.05.14 А/699 | D82: 2 | E82: - | F82: 388670000 | H82: Баянгол, Баянзүрх, Хан-Уул, Сонгинохайрхан дүүргийн нутаг дэвсгэр Туул-1 коллектор ариутгах татуургын шугам сүлжээ ажил | I82: Инженерийн байгууламж | J82: 2026 | K82: Нийслэл
A83: 79 | B83: lll-22 | C83: A/679 2026.05.12 | D83: 9 | E83: 5746 | F83: 231602000 | H83: Хан-Уул дүүргийн 12 дугаар хорооны нутаг дэвсгэрт “Хог шатааж, эрчим хүч гаргах үйлдвэр” байгуулах ажил | I83: Хог хаягдал | J83: 2026 | K83: Нийслэл
A84: 80 | B84: lll-30 | C84: A/721 2026.05.15 | D84: 10 | E84: 3880 | F84: 2381674000 | H84: Баянзүрх дүүргийн 32 дугаар хорооны нутаг дэвсгэрт баригдах “960 хүүхдийн суудалтай сургуулийн барилга”ын ажил | I84: Сургууль | J84: 2026 | K84: Нийслэл
A85: 81 | B85: lll-34 | C85: A/722 2026.05.15 | D85: 1 | E85: 945 | F85: 469859000 | H85: Сонгинохайрхан дүүргийн 5 дугаар хорооны нутаг дэвсгэрт баригдах “Бейсболын талбай барих” ажил | I85: Бусад | J85: 2026 | K85: Нийслэл
A86: 82 | B86: lll-37 | C86: A/725 2026.05.15 | D86: 1 | E86: 700 | F86: 444613000 | H86: Баянзүрх дүүргийн 19 дүгээр хорооны нутаг дэвсгэрт баригдах “960 хүүхдийн суудал бүхий сургууль барих” ажил | I86: Сургууль | J86: 2026 | K86: Нийслэл
A87: 83 | B87: lll-41 | C87: A/692 2026.05.14 | D87: 1 | E87: 4199 | F87: 7105776000 | H87: Хан-Уул дүүргийн 3 дугаар хорооны нутаг дэвсгэрт баригдах “960 хүүхдийн суудалтай сургуулийн барилга”-ын ажил | I87: Сургууль | J87: 2026 | K87: Нийслэл
A88: 84 | B88: 23 | C88: 2026.05.26 A/782 | D88: 13 | E88: 6346 | F88: 6311087000 | H88: Сүхбаатар дүүрэг, 16, 17, 18-р хороо Дамбадаржаа дэд төв | I88: Гэр хорооллын дахин төлөвлөлт | J88: 2026 | K88: Төсөвгүй
A89: 85 | B89: 15 | C89: 2026.05.26 A/783 | D89: 19 | E89: 9137 | F89: 5309168000 | H89: Сүхбаатар дүүргийн 13 дугаар хорооны нутаг дэвсгэрт "Сэлбэ худалдаа, үйлчилгээний цогцолбор" барилга | I89: Гэр хорооллын дахин төлөвлөлт | J89: 2026 | K89: Төсөвгүй
A90: 86 | B90: 14 | C90: 2026.05.26 A/806 | D90: 1 | E90: 248 | F90: 336204000 | H90: Сонгинохайрхан дүүргийн 35 дугаар хорооны Нарангийн голын үерт өртсөн хэсэг | I90: Инженерийн байгууламж | J90: 2026 | K90: Нийслэл
A91: 87 | B91: С-04 | C91: 2026.05.26 A/805 | D91: 2 | E91: 985 | F91: 782164000 | H91: Сүхбаатар дүүрэг, Чингэлтэй дүүрэг Сэлбэ дэд төв | I91: Дэд төв | J91: 2026 | K91: Нийслэл
A92: 88 | B92: 17 | C92: 2026.05.26 A/807 | D92: 6 | E92: 2986.55 | F92: 2046489000 | H92: Сүхбаатар дүүрэг, 16, 17, 18-р хороо Дамбадаржаа дэд төв | I92: Дэд төв | J92: 2026 | K92: Төсөвгүй
A93: 89 | B93: 16 | C93: 2026.06.04 A/824 | D93: 8 | E93: 3718.37 | F93: 2310154000 | H93: Чингэлтэй дүүргийн 18 дугаар хороо Дэд станцын барилга, байгууламж, Яргайтын 16 дугаар гудамж | I93: Гэр хорооллын дахин төлөвлөлт | J93: 2026 | K93: Нийслэл, СХМХК ХХК
A94: 90 | B94: 18 | C94: 2026.06.04 A/825 | D94: 11 | E94: 4755 | F94: 1610606000 | H94: Сонгинохайрхан дүүргийн 4 дүгээр хороо Их наран, гэр хорооллын дахин төлөвлөлтийн ажил | I94: Гэр хорооллын дахин төлөвлөлт | J94: 2026 | K94: Нийслэл, СХД
A95: 91 | B95: 21 | C95: 2026.06.04 A/823 | D95: 2 | E95: 933 | F95: 529767000 | H95: Чингэлтэй дүүргийн 18 дугаар хороо Дэд станцын барилга, байгууламж, Яргайтын 16 дугаар гудамж | I95: Гэр хорооллын дахин төлөвлөлт | J95: 2026 | K95: Нийслэл, СХМХК ХХК
A96: 92 | B96: 24 | C96: 2026.06.02 A/821 | D96: 13 | E96: 4915.06 | F96: 6829781000 | H96: ЧИНГЭЛТЭЙ ДҮҮРГИЙН 9 ДҮГЭЭР ХОРОО АВТО ЗОГСООЛ НОГООН БАЙГУУЛАМЖ | I96: Гэр хорооллын дахин төлөвлөлт | J96: 2026 | K96: Төсөвгүй
A97: 93 | B97: C-05 | C97: 2026.06.08 А/846 | D97: 6 | E97: 2792 | F97: 2932315000 | H97: Сүхбаатар дүүрэг, Чингэлтэй дүүрэг Сэлбэ дэд төв | I97: Дэд төв | J97: 2026 | K97: Нийслэл
A98: 94 | B98: lll-35 | C98: A/758 2026.05.22 | D98: 4 | E98: 2416 | F98: 372766000 | H98: Сонгинохайрхан дүүргийн 35 дугаар хорооны нутаг дэвсгэрт баригдах “960 хүүхдийн суудал бүхий сургууль барих” ажил | I98: Сургууль | J98: 2026 | K98: Нийслэл
A99: 95 | B99: lll-36 | C99: A/832 2026.06.05 | D99: 6 | E99: 3398 | F99: 502795000 | H99: Хан-Уул дүүргийн 12 дугаар хорооны нутаг дэвсгэрт “Хог шатааж, эрчим хүч гаргах үйлдвэр” байгуулах ажил | I99: Хог хаягдал | J99: 2026 | K99: Нийслэл
A100: 96 | B100: lll-38 | C100: A/749 2026.05.21 | D100: 12 | E100: 3038 | F100: 5089567000 | H100: Баянгол дүүргийн 16 дүгээр хорооны нутаг дэвсгэрт баригдах “Гандангийн жишиг гудамжны тохижилт бүтээн байгуулалт”-ын ажил | I100: тохижилт ногоон байгууламж | J100: 2026 | K100: Нийслэл
A101: 97 | B101: lll-40 | C101: A/831 2026.06.04 | D101: 3 | E101: 1610 | F101: 868479000 | H101: Сонгинохайрхан дүүргийн 22 дугаар хорооны нутаг дэвсгэрт баригдах “960 хүүхдийн суудал бүхий сургууль барих” ажил | I101: Сургууль | J101: 2026 | K101: Нийслэл
A102: 98 | B102: lll-42 | C102: A/833 2026.06.04 | D102: 5 | E102: 1131 | F102: 1646755000 | H102: Баянгол дүүргийн 16 дүгээр хорооны нутаг дэвсгэрт баригдах “Гандангийн жишиг гудамжны тохижилт бүтээн байгуулалт”-ын ажил | I102: тохижилт ногоон байгууламж | J102: 2026 | K102: Нийслэл
A103: 99 | B103: II-26 | C103: 2026.06.03 А/822 | D103: 2 | E103: 803 | F103: 474329000 | H103: Сонгинохайрхан дүүргийн 23 дугаар хорооны нутаг дэвсгэр Гэр хорооллын дахин төлөвлөлтийн Оргил төслийн инженерийн шугам сүлжээний ажил | I103: Инженерийн байгууламж | J103: 2026 | K103: Нийслэл
...

Sheet Өнгөт хүснэгт
B2: Үзүүлэлт | C2: Хэмжих нэгж | D2: Нийслэлийн төсвийн газар чөлөөлөлт, нөхөх олговор | E2: Улаанбаатар хотын Тогтвортой авто зам, тээвэр төсөл | F2: Нийт
B3: Батлагдсан төсөв | C3: тэрбум төгрөг | D3: 322.582 | E3: 19 | F3: =+D3+E3 -> 341.582
B4: Захирамж гарсан | C4: Нэгж талбарын тоо | D4: =F4-E4 -> 733 | E4: ='7р хавсралт_322.58тэрбум'!D35+'7р хавсралт_322.58тэрбум'!D62+'7р хавсралт_322.58тэрбум'!D114+'7р хавсралт_322.58тэрбум'!D151 -> 17 | F4: ='7р хавсралт_322.58тэрбум'!D177 -> 750
C5: Хэмжээ, га | D5: =F5-E5 -> 60.160017 | E5: =('7р хавсралт_322.58тэрбум'!E35+'7р хавсралт_322.58тэрбум'!E62+'7р хавсралт_322.58тэрбум'!E114+'7р хавсралт_322.58тэрбум'!E151)/10000 -> 0.733312 | F5: ='7р хавсралт_322.58тэрбум'!E177/10000 -> 60.893329
C6: Тэрбум төгрөг | D6: =F6-E6 -> 220.80154 | E6: =('7р хавсралт_322.58тэрбум'!G35+'7р хавсралт_322.58тэрбум'!G62+'7р хавсралт_322.58тэрбум'!G114+'7р хавсралт_322.58тэрбум'!G151)/1000000000 -> 3.800528 | F6: ='7р хавсралт_322.58тэрбум'!H229/1000000000 -> 224.60207
B7: Захирамжийн төсөлд хянагдаж байгаа | C7: Нэгж талбарын тоо | D7: =F7-E7 -> 297 | E7: ='7р хавсралт_322.58тэрбум'!D190 -> 2 | F7: ='7р хавсралт_322.58тэрбум'!D225 -> 299
C8: Хэмжээ, га | D8: =F8-E8 -> 15.30908 | E8: =('7р хавсралт_322.58тэрбум'!E190)/10000 -> 0.0937 | F8: ='7р хавсралт_322.58тэрбум'!E225/10000 -> 15.40278
C9: Тэрбум төгрөг | D9: =F9-E9 -> 100.99711 | E9: =('7р хавсралт_322.58тэрбум'!G190)/1000000000 -> 0.508545 | F9: ='7р хавсралт_322.58тэрбум'!H230/1000000000 -> 101.50566
B10: БҮГД | C10: Нэгж талбарын тоо | D10: =F10-E10 -> 1030 | E10: =E4+E7 -> 19 | F10: =F4+F7 -> 1049
C11: Хэмжээ, га | D11: =F11-E11 -> 75.469097 | E11: =E5+E8 -> 0.827012 | F11: =F5+F8 -> 76.296109
C12: Тэрбум төгрөг | D12: =F12-E12 -> 321.79865 | E12: =E6+E9 -> 4.309073 | F12: =F6+F9 -> 326.10773
B13: Бодит үлдэгдэл | C13: Тэрбум төгрөг | D13: ='7р хавсралт_322.58тэрбум'!F232/1000000000 -> 0.78354782 | E13: ='7р хавсралт_322.58тэрбум'!G232/1000000000 -> 14.692454 | F13: ='7р хавсралт_322.58тэрбум'!H232/1000000000 -> 15.476002
C15: үлдэгдэл хувь | D15: =D13/D3*100 -> 0.2428988 | E15: =E13/E3*100 -> 77.328705
C16: зарцуулсан хувь | D16: =100-D15 -> 99.757101 | E16: =100-E15 -> 22.671295
D17: =D6+D9 -> 321.79865
